source,target,weight,n_contacts,transmission
1098,1100,20,1,temporal_contact_aggregated
1098,1105,60,3,temporal_contact_aggregated
1098,1108,60,3,temporal_contact_aggregated
1098,1109,540,27,temporal_contact_aggregated
1098,1114,540,27,temporal_contact_aggregated
1098,1115,2000,100,temporal_contact_aggregated
1098,1116,20,1,temporal_contact_aggregated
1098,1130,120,6,temporal_contact_aggregated
1098,1142,20,1,temporal_contact_aggregated
1098,1144,1920,96,temporal_contact_aggregated
1098,1148,360,18,temporal_contact_aggregated
1098,1149,420,21,temporal_contact_aggregated
1098,1152,20,1,temporal_contact_aggregated
1098,1157,1380,69,temporal_contact_aggregated
1098,1159,460,23,temporal_contact_aggregated
1098,1164,3500,175,temporal_contact_aggregated
1098,1168,240,12,temporal_contact_aggregated
1098,1179,120,6,temporal_contact_aggregated
1098,1181,620,31,temporal_contact_aggregated
1098,1190,360,18,temporal_contact_aggregated
1098,1191,400,20,temporal_contact_aggregated
1098,1193,1720,86,temporal_contact_aggregated
1098,1196,140,7,temporal_contact_aggregated
1098,1202,80,4,temporal_contact_aggregated
1098,1205,440,22,temporal_contact_aggregated
1098,1207,1720,86,temporal_contact_aggregated
1098,1209,80,4,temporal_contact_aggregated
1098,1210,1820,91,temporal_contact_aggregated
1098,1221,220,11,temporal_contact_aggregated
1098,1232,320,16,temporal_contact_aggregated
1098,1245,1260,63,temporal_contact_aggregated
1098,1260,100,5,temporal_contact_aggregated
1098,1261,40,2,temporal_contact_aggregated
1098,1295,680,34,temporal_contact_aggregated
1098,1320,100,5,temporal_contact_aggregated
1098,1327,120,6,temporal_contact_aggregated
1098,1332,60,3,temporal_contact_aggregated
1098,1352,100,5,temporal_contact_aggregated
1098,1362,40,2,temporal_contact_aggregated
1098,1365,180,9,temporal_contact_aggregated
1098,1373,40,2,temporal_contact_aggregated
1098,1374,160,8,temporal_contact_aggregated
1098,1377,160,8,temporal_contact_aggregated
1098,1378,180,9,temporal_contact_aggregated
1098,1383,40,2,temporal_contact_aggregated
1098,1391,340,17,temporal_contact_aggregated
1098,1393,180,9,temporal_contact_aggregated
1098,1395,20,1,temporal_contact_aggregated
1098,1401,20,1,temporal_contact_aggregated
1098,1416,60,3,temporal_contact_aggregated
1098,1460,20,1,temporal_contact_aggregated
1098,1525,20,1,temporal_contact_aggregated
1098,1547,20,1,temporal_contact_aggregated
1098,1625,340,17,temporal_contact_aggregated
1098,1629,260,13,temporal_contact_aggregated
1098,1658,280,14,temporal_contact_aggregated
1098,1660,160,8,temporal_contact_aggregated
1098,1671,4340,217,temporal_contact_aggregated
1098,1701,400,20,temporal_contact_aggregated
1098,1702,120,6,temporal_contact_aggregated
1098,1769,40,2,temporal_contact_aggregated
1100,1108,2680,134,temporal_contact_aggregated
1100,1109,40,2,temporal_contact_aggregated
1100,1114,20,1,temporal_contact_aggregated
1100,1115,40,2,temporal_contact_aggregated
1100,1144,100,5,temporal_contact_aggregated
1100,1157,140,7,temporal_contact_aggregated
1100,1159,200,10,temporal_contact_aggregated
1100,1164,140,7,temporal_contact_aggregated
1100,1191,80,4,temporal_contact_aggregated
1100,1193,280,14,temporal_contact_aggregated
1100,1205,20,1,temporal_contact_aggregated
1100,1207,120,6,temporal_contact_aggregated
1100,1210,160,8,temporal_contact_aggregated
1100,1245,40,2,temporal_contact_aggregated
1100,1295,120,6,temporal_contact_aggregated
1100,1327,60,3,temporal_contact_aggregated
1100,1352,20,1,temporal_contact_aggregated
1100,1362,60,3,temporal_contact_aggregated
1100,1365,20,1,temporal_contact_aggregated
1100,1373,20,1,temporal_contact_aggregated
1100,1383,420,21,temporal_contact_aggregated
1100,1385,20,1,temporal_contact_aggregated
1100,1391,160,8,temporal_contact_aggregated
1100,1395,320,16,temporal_contact_aggregated
1100,1625,40,2,temporal_contact_aggregated
1100,1658,200,10,temporal_contact_aggregated
1100,1702,220,11,temporal_contact_aggregated
1105,1109,160,8,temporal_contact_aggregated
1105,1114,180,9,temporal_contact_aggregated
1105,1116,100,5,temporal_contact_aggregated
1105,1142,20,1,temporal_contact_aggregated
1105,1144,100,5,temporal_contact_aggregated
1105,1149,960,48,temporal_contact_aggregated
1105,1159,180,9,temporal_contact_aggregated
1105,1164,160,8,temporal_contact_aggregated
1105,1179,120,6,temporal_contact_aggregated
1105,1191,140,7,temporal_contact_aggregated
1105,1193,140,7,temporal_contact_aggregated
1105,1196,1080,54,temporal_contact_aggregated
1105,1202,460,23,temporal_contact_aggregated
1105,1205,1000,50,temporal_contact_aggregated
1105,1207,120,6,temporal_contact_aggregated
1105,1210,200,10,temporal_contact_aggregated
1105,1221,20,1,temporal_contact_aggregated
1105,1232,140,7,temporal_contact_aggregated
1105,1245,280,14,temporal_contact_aggregated
1105,1295,400,20,temporal_contact_aggregated
1105,1307,320,16,temporal_contact_aggregated
1105,1320,120,6,temporal_contact_aggregated
1105,1362,40,2,temporal_contact_aggregated
1105,1378,180,9,temporal_contact_aggregated
1105,1383,180,9,temporal_contact_aggregated
1105,1393,600,30,temporal_contact_aggregated
1108,1109,20,1,temporal_contact_aggregated
1108,1114,40,2,temporal_contact_aggregated
1108,1115,160,8,temporal_contact_aggregated
1108,1144,140,7,temporal_contact_aggregated
1108,1148,40,2,temporal_contact_aggregated
1108,1149,40,2,temporal_contact_aggregated
1108,1157,120,6,temporal_contact_aggregated
1108,1159,160,8,temporal_contact_aggregated
1108,1164,120,6,temporal_contact_aggregated
1108,1181,60,3,temporal_contact_aggregated
1108,1191,120,6,temporal_contact_aggregated
1108,1193,120,6,temporal_contact_aggregated
1108,1205,40,2,temporal_contact_aggregated
1108,1207,120,6,temporal_contact_aggregated
1108,1210,20,1,temporal_contact_aggregated
1108,1245,80,4,temporal_contact_aggregated
1108,1260,60,3,temporal_contact_aggregated
1108,1295,280,14,temporal_contact_aggregated
1108,1320,20,1,temporal_contact_aggregated
1108,1327,180,9,temporal_contact_aggregated
1108,1352,1000,50,temporal_contact_aggregated
1108,1362,580,29,temporal_contact_aggregated
1108,1363,40,2,temporal_contact_aggregated
1108,1365,60,3,temporal_contact_aggregated
1108,1383,160,8,temporal_contact_aggregated
1108,1385,140,7,temporal_contact_aggregated
1108,1391,460,23,temporal_contact_aggregated
1108,1393,20,1,temporal_contact_aggregated
1108,1395,500,25,temporal_contact_aggregated
1108,1629,280,14,temporal_contact_aggregated
1108,1658,180,9,temporal_contact_aggregated
1108,1702,500,25,temporal_contact_aggregated
1109,1114,1140,57,temporal_contact_aggregated
1109,1115,7340,367,temporal_contact_aggregated
1109,1142,680,34,temporal_contact_aggregated
1109,1144,180,9,temporal_contact_aggregated
1109,1149,740,37,temporal_contact_aggregated
1109,1157,340,17,temporal_contact_aggregated
1109,1159,80,4,temporal_contact_aggregated
1109,1164,1120,56,temporal_contact_aggregated
1109,1168,80,4,temporal_contact_aggregated
1109,1179,980,49,temporal_contact_aggregated
1109,1181,80,4,temporal_contact_aggregated
1109,1190,1120,56,temporal_contact_aggregated
1109,1191,140,7,temporal_contact_aggregated
1109,1193,760,38,temporal_contact_aggregated
1109,1196,320,16,temporal_contact_aggregated
1109,1202,40,2,temporal_contact_aggregated
1109,1205,540,27,temporal_contact_aggregated
1109,1207,4860,243,temporal_contact_aggregated
1109,1210,3700,185,temporal_contact_aggregated
1109,1221,200,10,temporal_contact_aggregated
1109,1232,160,8,temporal_contact_aggregated
1109,1245,40,2,temporal_contact_aggregated
1109,1246,40,2,temporal_contact_aggregated
1109,1260,140,7,temporal_contact_aggregated
1109,1295,1140,57,temporal_contact_aggregated
1109,1305,20,1,temporal_contact_aggregated
1109,1307,220,11,temporal_contact_aggregated
1109,1320,80,4,temporal_contact_aggregated
1109,1327,40,2,temporal_contact_aggregated
1109,1352,960,48,temporal_contact_aggregated
1109,1362,280,14,temporal_contact_aggregated
1109,1365,480,24,temporal_contact_aggregated
1109,1374,20,1,temporal_contact_aggregated
1109,1377,120,6,temporal_contact_aggregated
1109,1378,780,39,temporal_contact_aggregated
1109,1383,340,17,temporal_contact_aggregated
1109,1391,220,11,temporal_contact_aggregated
1109,1393,420,21,temporal_contact_aggregated
1109,1395,40,2,temporal_contact_aggregated
1109,1399,80,4,temporal_contact_aggregated
1109,1401,300,15,temporal_contact_aggregated
1109,1416,120,6,temporal_contact_aggregated
1109,1460,40,2,temporal_contact_aggregated
1109,1469,340,17,temporal_contact_aggregated
1109,1535,20,1,temporal_contact_aggregated
1109,1625,1880,94,temporal_contact_aggregated
1109,1629,220,11,temporal_contact_aggregated
1109,1658,300,15,temporal_contact_aggregated
1109,1701,80,4,temporal_contact_aggregated
1109,1702,20,1,temporal_contact_aggregated
1109,1769,80,4,temporal_contact_aggregated
1114,1115,1040,52,temporal_contact_aggregated
1114,1116,100,5,temporal_contact_aggregated
1114,1130,280,14,temporal_contact_aggregated
1114,1142,20,1,temporal_contact_aggregated
1114,1144,540,27,temporal_contact_aggregated
1114,1148,80,4,temporal_contact_aggregated
1114,1149,920,46,temporal_contact_aggregated
1114,1152,240,12,temporal_contact_aggregated
1114,1157,460,23,temporal_contact_aggregated
1114,1164,1680,84,temporal_contact_aggregated
1114,1168,40,2,temporal_contact_aggregated
1114,1179,200,10,temporal_contact_aggregated
1114,1181,60,3,temporal_contact_aggregated
1114,1190,20,1,temporal_contact_aggregated
1114,1191,400,20,temporal_contact_aggregated
1114,1193,60,3,temporal_contact_aggregated
1114,1196,260,13,temporal_contact_aggregated
1114,1202,60,3,temporal_contact_aggregated
1114,1205,40,2,temporal_contact_aggregated
1114,1207,1340,67,temporal_contact_aggregated
1114,1210,540,27,temporal_contact_aggregated
1114,1245,380,19,temporal_contact_aggregated
1114,1260,200,10,temporal_contact_aggregated
1114,1295,10900,545,temporal_contact_aggregated
1114,1305,80,4,temporal_contact_aggregated
1114,1307,60,3,temporal_contact_aggregated
1114,1320,140,7,temporal_contact_aggregated
1114,1323,60,3,temporal_contact_aggregated
1114,1365,1060,53,temporal_contact_aggregated
1114,1377,20,1,temporal_contact_aggregated
1114,1378,980,49,temporal_contact_aggregated
1114,1383,1200,60,temporal_contact_aggregated
1114,1393,600,30,temporal_contact_aggregated
1114,1399,220,11,temporal_contact_aggregated
1114,1401,20,1,temporal_contact_aggregated
1114,1416,20,1,temporal_contact_aggregated
1114,1629,320,16,temporal_contact_aggregated
1114,1658,100,5,temporal_contact_aggregated
1114,1671,20,1,temporal_contact_aggregated
1114,1702,20,1,temporal_contact_aggregated
1115,1130,100,5,temporal_contact_aggregated
1115,1142,20,1,temporal_contact_aggregated
1115,1144,440,22,temporal_contact_aggregated
1115,1148,40,2,temporal_contact_aggregated
1115,1149,1500,75,temporal_contact_aggregated
1115,1157,380,19,temporal_contact_aggregated
1115,1159,80,4,temporal_contact_aggregated
1115,1164,1540,77,temporal_contact_aggregated
1115,1179,400,20,temporal_contact_aggregated
1115,1181,780,39,temporal_contact_aggregated
1115,1190,2500,125,temporal_contact_aggregated
1115,1191,20,1,temporal_contact_aggregated
1115,1193,4160,208,temporal_contact_aggregated
1115,1196,940,47,temporal_contact_aggregated
1115,1205,440,22,temporal_contact_aggregated
1115,1207,11060,553,temporal_contact_aggregated
1115,1209,80,4,temporal_contact_aggregated
1115,1210,21180,1059,temporal_contact_aggregated
1115,1221,160,8,temporal_contact_aggregated
1115,1232,160,8,temporal_contact_aggregated
1115,1245,460,23,temporal_contact_aggregated
1115,1260,260,13,temporal_contact_aggregated
1115,1295,3460,173,temporal_contact_aggregated
1115,1307,1000,50,temporal_contact_aggregated
1115,1320,1020,51,temporal_contact_aggregated
1115,1323,740,37,temporal_contact_aggregated
1115,1327,140,7,temporal_contact_aggregated
1115,1352,180,9,temporal_contact_aggregated
1115,1362,360,18,temporal_contact_aggregated
1115,1363,80,4,temporal_contact_aggregated
1115,1365,2600,130,temporal_contact_aggregated
1115,1374,40,2,temporal_contact_aggregated
1115,1377,20,1,temporal_contact_aggregated
1115,1378,2780,139,temporal_contact_aggregated
1115,1383,1920,96,temporal_contact_aggregated
1115,1385,260,13,temporal_contact_aggregated
1115,1391,460,23,temporal_contact_aggregated
1115,1393,500,25,temporal_contact_aggregated
1115,1395,480,24,temporal_contact_aggregated
1115,1399,140,7,temporal_contact_aggregated
1115,1401,1180,59,temporal_contact_aggregated
1115,1416,20,1,temporal_contact_aggregated
1115,1460,220,11,temporal_contact_aggregated
1115,1469,80,4,temporal_contact_aggregated
1115,1535,60,3,temporal_contact_aggregated
1115,1547,1240,62,temporal_contact_aggregated
1115,1625,680,34,temporal_contact_aggregated
1115,1629,700,35,temporal_contact_aggregated
1115,1658,6380,319,temporal_contact_aggregated
1115,1660,120,6,temporal_contact_aggregated
1115,1701,180,9,temporal_contact_aggregated
1115,1702,1400,70,temporal_contact_aggregated
1116,1142,20,1,temporal_contact_aggregated
1116,1164,120,6,temporal_contact_aggregated
1116,1179,20,1,temporal_contact_aggregated
1116,1190,60,3,temporal_contact_aggregated
1116,1193,660,33,temporal_contact_aggregated
1116,1196,40,2,temporal_contact_aggregated
1116,1261,20,1,temporal_contact_aggregated
1116,1295,40,2,temporal_contact_aggregated
1116,1305,20,1,temporal_contact_aggregated
1116,1320,20,1,temporal_contact_aggregated
1116,1352,80,4,temporal_contact_aggregated
1116,1365,240,12,temporal_contact_aggregated
1116,1378,80,4,temporal_contact_aggregated
1116,1383,60,3,temporal_contact_aggregated
1116,1393,80,4,temporal_contact_aggregated
1116,1399,80,4,temporal_contact_aggregated
1130,1144,1480,74,temporal_contact_aggregated
1130,1149,600,30,temporal_contact_aggregated
1130,1157,3780,189,temporal_contact_aggregated
1130,1159,960,48,temporal_contact_aggregated
1130,1164,280,14,temporal_contact_aggregated
1130,1168,380,19,temporal_contact_aggregated
1130,1190,80,4,temporal_contact_aggregated
1130,1191,500,25,temporal_contact_aggregated
1130,1193,100,5,temporal_contact_aggregated
1130,1196,480,24,temporal_contact_aggregated
1130,1202,40,2,temporal_contact_aggregated
1130,1205,20,1,temporal_contact_aggregated
1130,1207,100,5,temporal_contact_aggregated
1130,1209,20,1,temporal_contact_aggregated
1130,1210,100,5,temporal_contact_aggregated
1130,1221,2980,149,temporal_contact_aggregated
1130,1232,40,2,temporal_contact_aggregated
1130,1260,1340,67,temporal_contact_aggregated
1130,1295,360,18,temporal_contact_aggregated
1130,1365,260,13,temporal_contact_aggregated
1130,1378,260,13,temporal_contact_aggregated
1130,1385,340,17,temporal_contact_aggregated
1130,1401,240,12,temporal_contact_aggregated
1130,1460,20,1,temporal_contact_aggregated
1130,1547,1100,55,temporal_contact_aggregated
1130,1629,120,6,temporal_contact_aggregated
1130,1658,60,3,temporal_contact_aggregated
1130,1660,860,43,temporal_contact_aggregated
1130,1769,1740,87,temporal_contact_aggregated
1142,1144,20,1,temporal_contact_aggregated
1142,1149,40,2,temporal_contact_aggregated
1142,1157,20,1,temporal_contact_aggregated
1142,1159,20,1,temporal_contact_aggregated
1142,1164,100,5,temporal_contact_aggregated
1142,1179,40,2,temporal_contact_aggregated
1142,1181,60,3,temporal_contact_aggregated
1142,1190,240,12,temporal_contact_aggregated
1142,1193,240,12,temporal_contact_aggregated
1142,1202,1400,70,temporal_contact_aggregated
1142,1205,340,17,temporal_contact_aggregated
1142,1207,140,7,temporal_contact_aggregated
1142,1210,20,1,temporal_contact_aggregated
1142,1221,20,1,temporal_contact_aggregated
1142,1232,100,5,temporal_contact_aggregated
1142,1261,260,13,temporal_contact_aggregated
1142,1295,80,4,temporal_contact_aggregated
1142,1307,20,1,temporal_contact_aggregated
1142,1320,20,1,temporal_contact_aggregated
1142,1352,180,9,temporal_contact_aggregated
1142,1365,60,3,temporal_contact_aggregated
1142,1378,40,2,temporal_contact_aggregated
1142,1383,20,1,temporal_contact_aggregated
1142,1385,40,2,temporal_contact_aggregated
1142,1391,80,4,temporal_contact_aggregated
1142,1401,20,1,temporal_contact_aggregated
1142,1416,20,1,temporal_contact_aggregated
1142,1460,20,1,temporal_contact_aggregated
1142,1485,80,4,temporal_contact_aggregated
1142,1547,60,3,temporal_contact_aggregated
1142,1625,60,3,temporal_contact_aggregated
1142,1658,240,12,temporal_contact_aggregated
1142,1701,20,1,temporal_contact_aggregated
1142,1702,40,2,temporal_contact_aggregated
1142,1769,40,2,temporal_contact_aggregated
1144,1148,1360,68,temporal_contact_aggregated
1144,1149,240,12,temporal_contact_aggregated
1144,1152,540,27,temporal_contact_aggregated
1144,1157,6180,309,temporal_contact_aggregated
1144,1159,5860,293,temporal_contact_aggregated
1144,1164,1720,86,temporal_contact_aggregated
1144,1168,1420,71,temporal_contact_aggregated
1144,1179,220,11,temporal_contact_aggregated
1144,1181,80,4,temporal_contact_aggregated
1144,1190,120,6,temporal_contact_aggregated
1144,1191,6220,311,temporal_contact_aggregated
1144,1193,400,20,temporal_contact_aggregated
1144,1196,160,8,temporal_contact_aggregated
1144,1202,60,3,temporal_contact_aggregated
1144,1205,160,8,temporal_contact_aggregated
1144,1207,160,8,temporal_contact_aggregated
1144,1209,1120,56,temporal_contact_aggregated
1144,1210,440,22,temporal_contact_aggregated
1144,1221,4180,209,temporal_contact_aggregated
1144,1232,40,2,temporal_contact_aggregated
1144,1245,940,47,temporal_contact_aggregated
1144,1260,1020,51,temporal_contact_aggregated
1144,1295,620,31,temporal_contact_aggregated
1144,1332,100,5,temporal_contact_aggregated
1144,1363,20,1,temporal_contact_aggregated
1144,1365,120,6,temporal_contact_aggregated
1144,1374,160,8,temporal_contact_aggregated
1144,1377,60,3,temporal_contact_aggregated
1144,1378,80,4,temporal_contact_aggregated
1144,1391,80,4,temporal_contact_aggregated
1144,1393,180,9,temporal_contact_aggregated
1144,1395,20,1,temporal_contact_aggregated
1144,1469,140,7,temporal_contact_aggregated
1144,1547,20,1,temporal_contact_aggregated
1144,1625,160,8,temporal_contact_aggregated
1144,1629,360,18,temporal_contact_aggregated
1144,1658,140,7,temporal_contact_aggregated
1144,1660,420,21,temporal_contact_aggregated
1144,1671,40,2,temporal_contact_aggregated
1144,1702,120,6,temporal_contact_aggregated
1144,1769,500,25,temporal_contact_aggregated
1148,1149,60,3,temporal_contact_aggregated
1148,1157,2460,123,temporal_contact_aggregated
1148,1159,2480,124,temporal_contact_aggregated
1148,1164,320,16,temporal_contact_aggregated
1148,1168,240,12,temporal_contact_aggregated
1148,1179,40,2,temporal_contact_aggregated
1148,1181,80,4,temporal_contact_aggregated
1148,1191,3520,176,temporal_contact_aggregated
1148,1193,100,5,temporal_contact_aggregated
1148,1209,20,1,temporal_contact_aggregated
1148,1210,80,4,temporal_contact_aggregated
1148,1221,7220,361,temporal_contact_aggregated
1148,1245,60,3,temporal_contact_aggregated
1148,1260,4520,226,temporal_contact_aggregated
1148,1295,80,4,temporal_contact_aggregated
1148,1365,40,2,temporal_contact_aggregated
1148,1374,40,2,temporal_contact_aggregated
1148,1377,500,25,temporal_contact_aggregated
1148,1378,20,1,temporal_contact_aggregated
1148,1385,20,1,temporal_contact_aggregated
1148,1391,20,1,temporal_contact_aggregated
1148,1395,160,8,temporal_contact_aggregated
1148,1460,160,8,temporal_contact_aggregated
1148,1625,60,3,temporal_contact_aggregated
1148,1658,20,1,temporal_contact_aggregated
1148,1660,200,10,temporal_contact_aggregated
1148,1701,780,39,temporal_contact_aggregated
1148,1702,740,37,temporal_contact_aggregated
1149,1152,140,7,temporal_contact_aggregated
1149,1157,180,9,temporal_contact_aggregated
1149,1159,40,2,temporal_contact_aggregated
1149,1164,280,14,temporal_contact_aggregated
1149,1168,80,4,temporal_contact_aggregated
1149,1179,1040,52,temporal_contact_aggregated
1149,1181,80,4,temporal_contact_aggregated
1149,1190,620,31,temporal_contact_aggregated
1149,1196,10220,511,temporal_contact_aggregated
1149,1202,5540,277,temporal_contact_aggregated
1149,1205,1060,53,temporal_contact_aggregated
1149,1207,1640,82,temporal_contact_aggregated
1149,1210,5240,262,temporal_contact_aggregated
1149,1221,60,3,temporal_contact_aggregated
1149,1232,300,15,temporal_contact_aggregated
1149,1245,140,7,temporal_contact_aggregated
1149,1260,140,7,temporal_contact_aggregated
1149,1295,1000,50,temporal_contact_aggregated
1149,1307,200,10,temporal_contact_aggregated
1149,1327,20,1,temporal_contact_aggregated
1149,1352,200,10,temporal_contact_aggregated
1149,1362,160,8,temporal_contact_aggregated
1149,1363,220,11,temporal_contact_aggregated
1149,1365,860,43,temporal_contact_aggregated
1149,1374,340,17,temporal_contact_aggregated
1149,1378,860,43,temporal_contact_aggregated
1149,1383,120,6,temporal_contact_aggregated
1149,1385,140,7,temporal_contact_aggregated
1149,1391,520,26,temporal_contact_aggregated
1149,1393,500,25,temporal_contact_aggregated
1149,1395,140,7,temporal_contact_aggregated
1149,1416,40,2,temporal_contact_aggregated
1149,1460,20,1,temporal_contact_aggregated
1149,1629,520,26,temporal_contact_aggregated
1149,1658,260,13,temporal_contact_aggregated
1149,1660,120,6,temporal_contact_aggregated
1149,1671,40,2,temporal_contact_aggregated
1149,1702,80,4,temporal_contact_aggregated
1152,1157,840,42,temporal_contact_aggregated
1152,1159,80,4,temporal_contact_aggregated
1152,1168,40,2,temporal_contact_aggregated
1152,1191,1120,56,temporal_contact_aggregated
1152,1193,20,1,temporal_contact_aggregated
1152,1196,40,2,temporal_contact_aggregated
1152,1205,20,1,temporal_contact_aggregated
1152,1209,240,12,temporal_contact_aggregated
1152,1365,140,7,temporal_contact_aggregated
1152,1374,1240,62,temporal_contact_aggregated
1157,1159,3120,156,temporal_contact_aggregated
1157,1164,980,49,temporal_contact_aggregated
1157,1168,320,16,temporal_contact_aggregated
1157,1179,60,3,temporal_contact_aggregated
1157,1181,1520,76,temporal_contact_aggregated
1157,1190,220,11,temporal_contact_aggregated
1157,1191,7180,359,temporal_contact_aggregated
1157,1193,640,32,temporal_contact_aggregated
1157,1196,140,7,temporal_contact_aggregated
1157,1202,20,1,temporal_contact_aggregated
1157,1205,900,45,temporal_contact_aggregated
1157,1207,60,3,temporal_contact_aggregated
1157,1209,260,13,temporal_contact_aggregated
1157,1210,260,13,temporal_contact_aggregated
1157,1221,7220,361,temporal_contact_aggregated
1157,1232,20,1,temporal_contact_aggregated
1157,1245,560,28,temporal_contact_aggregated
1157,1260,5440,272,temporal_contact_aggregated
1157,1261,20,1,temporal_contact_aggregated
1157,1295,1140,57,temporal_contact_aggregated
1157,1305,40,2,temporal_contact_aggregated
1157,1307,60,3,temporal_contact_aggregated
1157,1320,440,22,temporal_contact_aggregated
1157,1352,480,24,temporal_contact_aggregated
1157,1362,400,20,temporal_contact_aggregated
1157,1363,740,37,temporal_contact_aggregated
1157,1365,860,43,temporal_contact_aggregated
1157,1373,440,22,temporal_contact_aggregated
1157,1374,60,3,temporal_contact_aggregated
1157,1378,800,40,temporal_contact_aggregated
1157,1383,760,38,temporal_contact_aggregated
1157,1391,660,33,temporal_contact_aggregated
1157,1401,400,20,temporal_contact_aggregated
1157,1625,400,20,temporal_contact_aggregated
1157,1629,940,47,temporal_contact_aggregated
1157,1658,80,4,temporal_contact_aggregated
1157,1660,1620,81,temporal_contact_aggregated
1157,1671,160,8,temporal_contact_aggregated
1157,1701,620,31,temporal_contact_aggregated
1157,1702,500,25,temporal_contact_aggregated
1157,1784,160,8,temporal_contact_aggregated
1159,1164,2240,112,temporal_contact_aggregated
1159,1168,2320,116,temporal_contact_aggregated
1159,1179,80,4,temporal_contact_aggregated
1159,1181,60,3,temporal_contact_aggregated
1159,1191,3860,193,temporal_contact_aggregated
1159,1193,100,5,temporal_contact_aggregated
1159,1202,20,1,temporal_contact_aggregated
1159,1205,80,4,temporal_contact_aggregated
1159,1207,180,9,temporal_contact_aggregated
1159,1209,160,8,temporal_contact_aggregated
1159,1210,420,21,temporal_contact_aggregated
1159,1221,2880,144,temporal_contact_aggregated
1159,1245,140,7,temporal_contact_aggregated
1159,1260,1260,63,temporal_contact_aggregated
1159,1261,20,1,temporal_contact_aggregated
1159,1295,340,17,temporal_contact_aggregated
1159,1323,60,3,temporal_contact_aggregated
1159,1362,760,38,temporal_contact_aggregated
1159,1365,180,9,temporal_contact_aggregated
1159,1373,100,5,temporal_contact_aggregated
1159,1378,320,16,temporal_contact_aggregated
1159,1383,120,6,temporal_contact_aggregated
1159,1391,40,2,temporal_contact_aggregated
1159,1460,220,11,temporal_contact_aggregated
1159,1625,340,17,temporal_contact_aggregated
1159,1658,20,1,temporal_contact_aggregated
1159,1660,100,5,temporal_contact_aggregated
1159,1701,1440,72,temporal_contact_aggregated
1159,1702,20,1,temporal_contact_aggregated
1159,1769,40,2,temporal_contact_aggregated
1164,1168,640,32,temporal_contact_aggregated
1164,1179,200,10,temporal_contact_aggregated
1164,1181,1420,71,temporal_contact_aggregated
1164,1190,1080,54,temporal_contact_aggregated
1164,1191,1660,83,temporal_contact_aggregated
1164,1193,4020,201,temporal_contact_aggregated
1164,1196,20,1,temporal_contact_aggregated
1164,1202,160,8,temporal_contact_aggregated
1164,1205,1380,69,temporal_contact_aggregated
1164,1207,4980,249,temporal_contact_aggregated
1164,1209,100,5,temporal_contact_aggregated
1164,1210,880,44,temporal_contact_aggregated
1164,1221,860,43,temporal_contact_aggregated
1164,1232,280,14,temporal_contact_aggregated
1164,1245,880,44,temporal_contact_aggregated
1164,1260,220,11,temporal_contact_aggregated
1164,1261,240,12,temporal_contact_aggregated
1164,1295,2320,116,temporal_contact_aggregated
1164,1320,40,2,temporal_contact_aggregated
1164,1327,160,8,temporal_contact_aggregated
1164,1332,20,1,temporal_contact_aggregated
1164,1352,40,2,temporal_contact_aggregated
1164,1363,380,19,temporal_contact_aggregated
1164,1365,440,22,temporal_contact_aggregated
1164,1373,20,1,temporal_contact_aggregated
1164,1374,600,30,temporal_contact_aggregated
1164,1377,420,21,temporal_contact_aggregated
1164,1378,20,1,temporal_contact_aggregated
1164,1383,40,2,temporal_contact_aggregated
1164,1391,40,2,temporal_contact_aggregated
1164,1393,60,3,temporal_contact_aggregated
1164,1395,100,5,temporal_contact_aggregated
1164,1401,420,21,temporal_contact_aggregated
1164,1460,60,3,temporal_contact_aggregated
1164,1469,220,11,temporal_contact_aggregated
1164,1525,20,1,temporal_contact_aggregated
1164,1547,320,16,temporal_contact_aggregated
1164,1625,960,48,temporal_contact_aggregated
1164,1658,1580,79,temporal_contact_aggregated
1164,1701,400,20,temporal_contact_aggregated
1164,1702,160,8,temporal_contact_aggregated
1164,1769,20,1,temporal_contact_aggregated
1168,1181,20,1,temporal_contact_aggregated
1168,1190,60,3,temporal_contact_aggregated
1168,1191,1640,82,temporal_contact_aggregated
1168,1207,20,1,temporal_contact_aggregated
1168,1209,340,17,temporal_contact_aggregated
1168,1210,120,6,temporal_contact_aggregated
1168,1221,300,15,temporal_contact_aggregated
1168,1245,40,2,temporal_contact_aggregated
1168,1260,20,1,temporal_contact_aggregated
1168,1378,20,1,temporal_contact_aggregated
1168,1385,340,17,temporal_contact_aggregated
1168,1525,60,3,temporal_contact_aggregated
1168,1658,40,2,temporal_contact_aggregated
1168,1660,60,3,temporal_contact_aggregated
1179,1181,40,2,temporal_contact_aggregated
1179,1190,720,36,temporal_contact_aggregated
1179,1191,140,7,temporal_contact_aggregated
1179,1193,1680,84,temporal_contact_aggregated
1179,1196,1740,87,temporal_contact_aggregated
1179,1202,380,19,temporal_contact_aggregated
1179,1205,280,14,temporal_contact_aggregated
1179,1207,1080,54,temporal_contact_aggregated
1179,1210,360,18,temporal_contact_aggregated
1179,1221,40,2,temporal_contact_aggregated
1179,1232,20,1,temporal_contact_aggregated
1179,1245,60,3,temporal_contact_aggregated
1179,1261,40,2,temporal_contact_aggregated
1179,1295,180,9,temporal_contact_aggregated
1179,1320,80,4,temporal_contact_aggregated
1179,1327,120,6,temporal_contact_aggregated
1179,1352,20,1,temporal_contact_aggregated
1179,1363,40,2,temporal_contact_aggregated
1179,1365,1540,77,temporal_contact_aggregated
1179,1374,80,4,temporal_contact_aggregated
1179,1377,20,1,temporal_contact_aggregated
1179,1378,640,32,temporal_contact_aggregated
1179,1385,60,3,temporal_contact_aggregated
1179,1391,100,5,temporal_contact_aggregated
1179,1393,60,3,temporal_contact_aggregated
1179,1395,80,4,temporal_contact_aggregated
1179,1401,60,3,temporal_contact_aggregated
1179,1625,360,18,temporal_contact_aggregated
1179,1658,120,6,temporal_contact_aggregated
1179,1701,80,4,temporal_contact_aggregated
1179,1702,20,1,temporal_contact_aggregated
1179,1769,20,1,temporal_contact_aggregated
1181,1190,180,9,temporal_contact_aggregated
1181,1191,120,6,temporal_contact_aggregated
1181,1193,520,26,temporal_contact_aggregated
1181,1202,20,1,temporal_contact_aggregated
1181,1205,1900,95,temporal_contact_aggregated
1181,1207,2480,124,temporal_contact_aggregated
1181,1209,20,1,temporal_contact_aggregated
1181,1210,560,28,temporal_contact_aggregated
1181,1232,20,1,temporal_contact_aggregated
1181,1238,20,1,temporal_contact_aggregated
1181,1245,2340,117,temporal_contact_aggregated
1181,1261,20,1,temporal_contact_aggregated
1181,1295,1080,54,temporal_contact_aggregated
1181,1327,980,49,temporal_contact_aggregated
1181,1352,5040,252,temporal_contact_aggregated
1181,1383,100,5,temporal_contact_aggregated
1181,1385,80,4,temporal_contact_aggregated
1181,1391,2020,101,temporal_contact_aggregated
1181,1393,160,8,temporal_contact_aggregated
1181,1395,160,8,temporal_contact_aggregated
1181,1416,80,4,temporal_contact_aggregated
1181,1535,60,3,temporal_contact_aggregated
1181,1625,240,12,temporal_contact_aggregated
1181,1629,140,7,temporal_contact_aggregated
1181,1658,260,13,temporal_contact_aggregated
1181,1671,560,28,temporal_contact_aggregated
1181,1701,1220,61,temporal_contact_aggregated
1181,1702,20,1,temporal_contact_aggregated
1181,1769,220,11,temporal_contact_aggregated
1190,1191,20,1,temporal_contact_aggregated
1190,1193,2840,142,temporal_contact_aggregated
1190,1196,1640,82,temporal_contact_aggregated
1190,1202,60,3,temporal_contact_aggregated
1190,1205,880,44,temporal_contact_aggregated
1190,1209,40,2,temporal_contact_aggregated
1190,1210,6380,319,temporal_contact_aggregated
1190,1221,80,4,temporal_contact_aggregated
1190,1232,260,13,temporal_contact_aggregated
1190,1260,80,4,temporal_contact_aggregated
1190,1261,40,2,temporal_contact_aggregated
1190,1295,1160,58,temporal_contact_aggregated
1190,1305,40,2,temporal_contact_aggregated
1190,1307,160,8,temporal_contact_aggregated
1190,1323,40,2,temporal_contact_aggregated
1190,1365,1340,67,temporal_contact_aggregated
1190,1374,100,5,temporal_contact_aggregated
1190,1377,20,1,temporal_contact_aggregated
1190,1378,120,6,temporal_contact_aggregated
1190,1385,60,3,temporal_contact_aggregated
1190,1391,140,7,temporal_contact_aggregated
1190,1393,20,1,temporal_contact_aggregated
1190,1395,80,4,temporal_contact_aggregated
1190,1416,20,1,temporal_contact_aggregated
1190,1460,20,1,temporal_contact_aggregated
1190,1469,80,4,temporal_contact_aggregated
1190,1485,100,5,temporal_contact_aggregated
1190,1547,200,10,temporal_contact_aggregated
1190,1625,140,7,temporal_contact_aggregated
1190,1629,160,8,temporal_contact_aggregated
1190,1658,480,24,temporal_contact_aggregated
1190,1671,40,2,temporal_contact_aggregated
1190,1701,40,2,temporal_contact_aggregated
1190,1784,280,14,temporal_contact_aggregated
1191,1193,60,3,temporal_contact_aggregated
1191,1196,40,2,temporal_contact_aggregated
1191,1205,180,9,temporal_contact_aggregated
1191,1207,580,29,temporal_contact_aggregated
1191,1209,160,8,temporal_contact_aggregated
1191,1210,200,10,temporal_contact_aggregated
1191,1221,3800,190,temporal_contact_aggregated
1191,1245,220,11,temporal_contact_aggregated
1191,1260,1360,68,temporal_contact_aggregated
1191,1261,20,1,temporal_contact_aggregated
1191,1295,80,4,temporal_contact_aggregated
1191,1327,100,5,temporal_contact_aggregated
1191,1332,120,6,temporal_contact_aggregated
1191,1352,200,10,temporal_contact_aggregated
1191,1362,220,11,temporal_contact_aggregated
1191,1363,160,8,temporal_contact_aggregated
1191,1365,120,6,temporal_contact_aggregated
1191,1373,60,3,temporal_contact_aggregated
1191,1374,340,17,temporal_contact_aggregated
1191,1385,360,18,temporal_contact_aggregated
1191,1391,280,14,temporal_contact_aggregated
1191,1395,20,1,temporal_contact_aggregated
1193,1196,2380,119,temporal_contact_aggregated
1193,1202,20,1,temporal_contact_aggregated
1193,1205,1460,73,temporal_contact_aggregated
1193,1207,1180,59,temporal_contact_aggregated
1193,1209,20,1,temporal_contact_aggregated
1193,1210,3800,190,temporal_contact_aggregated
1193,1221,160,8,temporal_contact_aggregated
1193,1232,240,12,temporal_contact_aggregated
1193,1245,1060,53,temporal_contact_aggregated
1193,1260,120,6,temporal_contact_aggregated
1193,1261,300,15,temporal_contact_aggregated
1193,1295,1480,74,temporal_contact_aggregated
1193,1305,280,14,temporal_contact_aggregated
1193,1323,80,4,temporal_contact_aggregated
1193,1327,420,21,temporal_contact_aggregated
1193,1352,40,2,temporal_contact_aggregated
1193,1362,420,21,temporal_contact_aggregated
1193,1363,180,9,temporal_contact_aggregated
1193,1365,900,45,temporal_contact_aggregated
1193,1374,760,38,temporal_contact_aggregated
1193,1378,320,16,temporal_contact_aggregated
1193,1383,140,7,temporal_contact_aggregated
1193,1385,140,7,temporal_contact_aggregated
1193,1391,1860,93,temporal_contact_aggregated
1193,1393,120,6,temporal_contact_aggregated
1193,1395,440,22,temporal_contact_aggregated
1193,1399,260,13,temporal_contact_aggregated
1193,1401,580,29,temporal_contact_aggregated
1193,1416,680,34,temporal_contact_aggregated
1193,1460,400,20,temporal_contact_aggregated
1193,1469,280,14,temporal_contact_aggregated
1193,1485,280,14,temporal_contact_aggregated
1193,1535,20,1,temporal_contact_aggregated
1193,1613,240,12,temporal_contact_aggregated
1193,1625,1620,81,temporal_contact_aggregated
1193,1658,2700,135,temporal_contact_aggregated
1193,1701,420,21,temporal_contact_aggregated
1193,1769,300,15,temporal_contact_aggregated
1196,1202,3740,187,temporal_contact_aggregated
1196,1205,1320,66,temporal_contact_aggregated
1196,1207,60,3,temporal_contact_aggregated
1196,1209,40,2,temporal_contact_aggregated
1196,1210,700,35,temporal_contact_aggregated
1196,1221,20,1,temporal_contact_aggregated
1196,1245,20,1,temporal_contact_aggregated
1196,1260,20,1,temporal_contact_aggregated
1196,1261,220,11,temporal_contact_aggregated
1196,1295,320,16,temporal_contact_aggregated
1196,1305,80,4,temporal_contact_aggregated
1196,1307,260,13,temporal_contact_aggregated
1196,1320,100,5,temporal_contact_aggregated
1196,1323,120,6,temporal_contact_aggregated
1196,1327,120,6,temporal_contact_aggregated
1196,1352,300,15,temporal_contact_aggregated
1196,1363,220,11,temporal_contact_aggregated
1196,1365,500,25,temporal_contact_aggregated
1196,1374,100,5,temporal_contact_aggregated
1196,1378,320,16,temporal_contact_aggregated
1196,1383,420,21,temporal_contact_aggregated
1196,1385,60,3,temporal_contact_aggregated
1196,1391,240,12,temporal_contact_aggregated
1196,1393,100,5,temporal_contact_aggregated
1196,1395,440,22,temporal_contact_aggregated
1196,1460,60,3,temporal_contact_aggregated
1196,1469,60,3,temporal_contact_aggregated
1196,1629,320,16,temporal_contact_aggregated
1196,1658,100,5,temporal_contact_aggregated
1202,1205,100,5,temporal_contact_aggregated
1202,1207,100,5,temporal_contact_aggregated
1202,1210,40,2,temporal_contact_aggregated
1202,1221,20,1,temporal_contact_aggregated
1202,1232,100,5,temporal_contact_aggregated
1202,1245,20,1,temporal_contact_aggregated
1202,1261,160,8,temporal_contact_aggregated
1202,1295,60,3,temporal_contact_aggregated
1202,1327,20,1,temporal_contact_aggregated
1202,1352,160,8,temporal_contact_aggregated
1202,1362,120,6,temporal_contact_aggregated
1202,1363,120,6,temporal_contact_aggregated
1202,1365,560,28,temporal_contact_aggregated
1202,1374,160,8,temporal_contact_aggregated
1202,1378,180,9,temporal_contact_aggregated
1202,1383,260,13,temporal_contact_aggregated
1202,1391,240,12,temporal_contact_aggregated
1202,1393,100,5,temporal_contact_aggregated
1202,1401,100,5,temporal_contact_aggregated
1202,1416,40,2,temporal_contact_aggregated
1202,1460,60,3,temporal_contact_aggregated
1202,1469,100,5,temporal_contact_aggregated
1202,1547,60,3,temporal_contact_aggregated
1202,1625,60,3,temporal_contact_aggregated
1202,1702,120,6,temporal_contact_aggregated
1202,1769,80,4,temporal_contact_aggregated
1202,1784,20,1,temporal_contact_aggregated
1205,1207,20,1,temporal_contact_aggregated
1205,1210,1440,72,temporal_contact_aggregated
1205,1221,120,6,temporal_contact_aggregated
1205,1245,100,5,temporal_contact_aggregated
1205,1295,1400,70,temporal_contact_aggregated
1205,1307,20,1,temporal_contact_aggregated
1205,1327,100,5,temporal_contact_aggregated
1205,1352,1400,70,temporal_contact_aggregated
1205,1363,320,16,temporal_contact_aggregated
1205,1374,420,21,temporal_contact_aggregated
1205,1378,20,1,temporal_contact_aggregated
1205,1383,20,1,temporal_contact_aggregated
1205,1385,220,11,temporal_contact_aggregated
1205,1391,660,33,temporal_contact_aggregated
1205,1393,40,2,temporal_contact_aggregated
1205,1395,100,5,temporal_contact_aggregated
1205,1416,160,8,temporal_contact_aggregated
1205,1460,400,20,temporal_contact_aggregated
1205,1469,260,13,temporal_contact_aggregated
1205,1485,60,3,temporal_contact_aggregated
1205,1535,40,2,temporal_contact_aggregated
1205,1613,20,1,temporal_contact_aggregated
1205,1625,880,44,temporal_contact_aggregated
1205,1629,520,26,temporal_contact_aggregated
1205,1658,460,23,temporal_contact_aggregated
1205,1769,60,3,temporal_contact_aggregated
1205,1784,240,12,temporal_contact_aggregated
1207,1209,60,3,temporal_contact_aggregated
1207,1210,11260,563,temporal_contact_aggregated
1207,1221,20,1,temporal_contact_aggregated
1207,1245,1560,78,temporal_contact_aggregated
1207,1260,20,1,temporal_contact_aggregated
1207,1295,3220,161,temporal_contact_aggregated
1207,1305,20,1,temporal_contact_aggregated
1207,1307,20,1,temporal_contact_aggregated
1207,1320,40,2,temporal_contact_aggregated
1207,1323,80,4,temporal_contact_aggregated
1207,1327,120,6,temporal_contact_aggregated
1207,1332,80,4,temporal_contact_aggregated
1207,1352,1960,98,temporal_contact_aggregated
1207,1362,660,33,temporal_contact_aggregated
1207,1363,1280,64,temporal_contact_aggregated
1207,1365,1420,71,temporal_contact_aggregated
1207,1373,160,8,temporal_contact_aggregated
1207,1374,1700,85,temporal_contact_aggregated
1207,1377,140,7,temporal_contact_aggregated
1207,1378,260,13,temporal_contact_aggregated
1207,1383,200,10,temporal_contact_aggregated
1207,1385,200,10,temporal_contact_aggregated
1207,1391,400,20,temporal_contact_aggregated
1207,1393,1600,80,temporal_contact_aggregated
1207,1395,2140,107,temporal_contact_aggregated
1207,1399,20,1,temporal_contact_aggregated
1207,1658,1840,92,temporal_contact_aggregated
1209,1210,20,1,temporal_contact_aggregated
1209,1221,60,3,temporal_contact_aggregated
1209,1260,20,1,temporal_contact_aggregated
1209,1295,20,1,temporal_contact_aggregated
1209,1378,100,5,temporal_contact_aggregated
1209,1391,160,8,temporal_contact_aggregated
1209,1629,60,3,temporal_contact_aggregated
1209,1769,20,1,temporal_contact_aggregated
1210,1221,260,13,temporal_contact_aggregated
1210,1245,1400,70,temporal_contact_aggregated
1210,1260,180,9,temporal_contact_aggregated
1210,1295,2260,113,temporal_contact_aggregated
1210,1305,80,4,temporal_contact_aggregated
1210,1307,500,25,temporal_contact_aggregated
1210,1327,20,1,temporal_contact_aggregated
1210,1332,20,1,temporal_contact_aggregated
1210,1352,680,34,temporal_contact_aggregated
1210,1362,560,28,temporal_contact_aggregated
1210,1365,2120,106,temporal_contact_aggregated
1210,1374,100,5,temporal_contact_aggregated
1210,1377,100,5,temporal_contact_aggregated
1210,1378,1600,80,temporal_contact_aggregated
1210,1383,1260,63,temporal_contact_aggregated
1210,1385,80,4,temporal_contact_aggregated
1210,1391,280,14,temporal_contact_aggregated
1210,1393,380,19,temporal_contact_aggregated
1210,1395,60,3,temporal_contact_aggregated
1210,1399,540,27,temporal_contact_aggregated
1210,1401,900,45,temporal_contact_aggregated
1210,1547,900,45,temporal_contact_aggregated
1210,1625,820,41,temporal_contact_aggregated
1210,1629,520,26,temporal_contact_aggregated
1210,1658,4600,230,temporal_contact_aggregated
1210,1660,20,1,temporal_contact_aggregated
1210,1701,60,3,temporal_contact_aggregated
1210,1702,1260,63,temporal_contact_aggregated
1210,1769,20,1,temporal_contact_aggregated
1210,1784,20,1,temporal_contact_aggregated
1221,1245,60,3,temporal_contact_aggregated
1221,1260,5840,292,temporal_contact_aggregated
1221,1261,140,7,temporal_contact_aggregated
1221,1295,40,2,temporal_contact_aggregated
1221,1307,300,15,temporal_contact_aggregated
1221,1362,880,44,temporal_contact_aggregated
1221,1365,20,1,temporal_contact_aggregated
1221,1378,40,2,temporal_contact_aggregated
1221,1395,260,13,temporal_contact_aggregated
1221,1401,260,13,temporal_contact_aggregated
1221,1416,140,7,temporal_contact_aggregated
1221,1469,1180,59,temporal_contact_aggregated
1221,1525,40,2,temporal_contact_aggregated
1221,1625,80,4,temporal_contact_aggregated
1221,1658,40,2,temporal_contact_aggregated
1221,1660,960,48,temporal_contact_aggregated
1221,1701,20,1,temporal_contact_aggregated
1221,1702,300,15,temporal_contact_aggregated
1232,1295,200,10,temporal_contact_aggregated
1232,1365,40,2,temporal_contact_aggregated
1232,1378,260,13,temporal_contact_aggregated
1232,1383,80,4,temporal_contact_aggregated
1232,1391,80,4,temporal_contact_aggregated
1232,1401,40,2,temporal_contact_aggregated
1232,1460,20,1,temporal_contact_aggregated
1232,1547,40,2,temporal_contact_aggregated
1232,1625,20,1,temporal_contact_aggregated
1232,1629,20,1,temporal_contact_aggregated
1232,1658,100,5,temporal_contact_aggregated
1232,1702,100,5,temporal_contact_aggregated
1232,1769,60,3,temporal_contact_aggregated
1238,1246,1860,93,temporal_contact_aggregated
1238,1305,20,1,temporal_contact_aggregated
1238,1327,40,2,temporal_contact_aggregated
1238,1352,60,3,temporal_contact_aggregated
1238,1363,20,1,temporal_contact_aggregated
1238,1365,200,10,temporal_contact_aggregated
1238,1374,60,3,temporal_contact_aggregated
1238,1378,20,1,temporal_contact_aggregated
1238,1383,160,8,temporal_contact_aggregated
1238,1391,80,4,temporal_contact_aggregated
1238,1393,60,3,temporal_contact_aggregated
1238,1395,20,1,temporal_contact_aggregated
1238,1399,40,2,temporal_contact_aggregated
1245,1260,120,6,temporal_contact_aggregated
1245,1295,1000,50,temporal_contact_aggregated
1245,1307,60,3,temporal_contact_aggregated
1245,1320,40,2,temporal_contact_aggregated
1245,1352,1360,68,temporal_contact_aggregated
1245,1362,40,2,temporal_contact_aggregated
1245,1363,40,2,temporal_contact_aggregated
1245,1365,20,1,temporal_contact_aggregated
1245,1374,300,15,temporal_contact_aggregated
1245,1377,120,6,temporal_contact_aggregated
1245,1378,20,1,temporal_contact_aggregated
1245,1383,120,6,temporal_contact_aggregated
1245,1385,180,9,temporal_contact_aggregated
1245,1391,840,42,temporal_contact_aggregated
1245,1395,280,14,temporal_contact_aggregated
1245,1658,280,14,temporal_contact_aggregated
1246,1305,160,8,temporal_contact_aggregated
1246,1323,80,4,temporal_contact_aggregated
1246,1327,40,2,temporal_contact_aggregated
1246,1332,20,1,temporal_contact_aggregated
1246,1352,540,27,temporal_contact_aggregated
1246,1363,40,2,temporal_contact_aggregated
1246,1365,140,7,temporal_contact_aggregated
1246,1374,280,14,temporal_contact_aggregated
1246,1378,480,24,temporal_contact_aggregated
1246,1383,180,9,temporal_contact_aggregated
1246,1391,200,10,temporal_contact_aggregated
1246,1393,240,12,temporal_contact_aggregated
1246,1395,160,8,temporal_contact_aggregated
1246,1399,100,5,temporal_contact_aggregated
1260,1295,80,4,temporal_contact_aggregated
1260,1307,240,12,temporal_contact_aggregated
1260,1362,160,8,temporal_contact_aggregated
1260,1365,100,5,temporal_contact_aggregated
1260,1373,20,1,temporal_contact_aggregated
1260,1378,80,4,temporal_contact_aggregated
1260,1383,100,5,temporal_contact_aggregated
1260,1385,160,8,temporal_contact_aggregated
1260,1395,40,2,temporal_contact_aggregated
1260,1401,760,38,temporal_contact_aggregated
1260,1460,540,27,temporal_contact_aggregated
1260,1469,120,6,temporal_contact_aggregated
1260,1629,40,2,temporal_contact_aggregated
1260,1658,20,1,temporal_contact_aggregated
1260,1660,1700,85,temporal_contact_aggregated
1260,1784,20,1,temporal_contact_aggregated
1261,1327,60,3,temporal_contact_aggregated
1261,1352,1300,65,temporal_contact_aggregated
1261,1363,160,8,temporal_contact_aggregated
1261,1374,20,1,temporal_contact_aggregated
1261,1391,100,5,temporal_contact_aggregated
1261,1395,40,2,temporal_contact_aggregated
1261,1416,200,10,temporal_contact_aggregated
1261,1460,60,3,temporal_contact_aggregated
1261,1469,60,3,temporal_contact_aggregated
1261,1485,320,16,temporal_contact_aggregated
1261,1625,20,1,temporal_contact_aggregated
1261,1701,140,7,temporal_contact_aggregated
1261,1769,20,1,temporal_contact_aggregated
1295,1305,80,4,temporal_contact_aggregated
1295,1307,1780,89,temporal_contact_aggregated
1295,1320,400,20,temporal_contact_aggregated
1295,1323,80,4,temporal_contact_aggregated
1295,1327,40,2,temporal_contact_aggregated
1295,1362,1280,64,temporal_contact_aggregated
1295,1365,1720,86,temporal_contact_aggregated
1295,1374,260,13,temporal_contact_aggregated
1295,1378,2160,108,temporal_contact_aggregated
1295,1383,1540,77,temporal_contact_aggregated
1295,1391,80,4,temporal_contact_aggregated
1295,1393,580,29,temporal_contact_aggregated
1295,1395,80,4,temporal_contact_aggregated
1295,1399,200,10,temporal_contact_aggregated
1295,1401,520,26,temporal_contact_aggregated
1295,1416,40,2,temporal_contact_aggregated
1295,1547,960,48,temporal_contact_aggregated
1295,1625,11520,576,temporal_contact_aggregated
1295,1629,11420,571,temporal_contact_aggregated
1295,1658,1500,75,temporal_contact_aggregated
1295,1660,300,15,temporal_contact_aggregated
1295,1671,40,2,temporal_contact_aggregated
1295,1701,20,1,temporal_contact_aggregated
1295,1702,1720,86,temporal_contact_aggregated
1295,1784,40,2,temporal_contact_aggregated
1305,1383,340,17,temporal_contact_aggregated
1307,1378,20,1,temporal_contact_aggregated
1307,1485,240,12,temporal_contact_aggregated
1307,1613,200,10,temporal_contact_aggregated
1307,1625,920,46,temporal_contact_aggregated
1307,1629,360,18,temporal_contact_aggregated
1307,1660,380,19,temporal_contact_aggregated
1320,1365,40,2,temporal_contact_aggregated
1320,1625,220,11,temporal_contact_aggregated
1320,1658,20,1,temporal_contact_aggregated
1320,1769,40,2,temporal_contact_aggregated
1327,1395,140,7,temporal_contact_aggregated
1327,1658,60,3,temporal_contact_aggregated
1352,1485,440,22,temporal_contact_aggregated
1352,1613,120,6,temporal_contact_aggregated
1352,1658,120,6,temporal_contact_aggregated
1362,1485,300,15,temporal_contact_aggregated
1362,1613,240,12,temporal_contact_aggregated
1362,1625,1240,62,temporal_contact_aggregated
1362,1629,80,4,temporal_contact_aggregated
1362,1658,20,1,temporal_contact_aggregated
1363,1460,720,36,temporal_contact_aggregated
1363,1485,40,2,temporal_contact_aggregated
1363,1658,60,3,temporal_contact_aggregated
1365,1393,1180,59,temporal_contact_aggregated
1365,1401,1080,54,temporal_contact_aggregated
1365,1485,260,13,temporal_contact_aggregated
1365,1613,200,10,temporal_contact_aggregated
1365,1625,300,15,temporal_contact_aggregated
1365,1629,320,16,temporal_contact_aggregated
1365,1658,480,24,temporal_contact_aggregated
1365,1660,20,1,temporal_contact_aggregated
1365,1769,40,2,temporal_contact_aggregated
1373,1769,60,3,temporal_contact_aggregated
1377,1395,100,5,temporal_contact_aggregated
1378,1485,80,4,temporal_contact_aggregated
1378,1613,60,3,temporal_contact_aggregated
1378,1625,1280,64,temporal_contact_aggregated
1378,1629,480,24,temporal_contact_aggregated
1378,1658,100,5,temporal_contact_aggregated
1383,1485,300,15,temporal_contact_aggregated
1383,1613,20,1,temporal_contact_aggregated
1383,1625,460,23,temporal_contact_aggregated
1383,1629,940,47,temporal_contact_aggregated
1383,1658,160,8,temporal_contact_aggregated
1383,1660,60,3,temporal_contact_aggregated
1383,1702,240,12,temporal_contact_aggregated
1385,1613,120,6,temporal_contact_aggregated
1385,1658,40,2,temporal_contact_aggregated
1391,1485,200,10,temporal_contact_aggregated
1391,1613,260,13,temporal_contact_aggregated
1391,1658,240,12,temporal_contact_aggregated
1391,1671,520,26,temporal_contact_aggregated
1395,1658,20,1,temporal_contact_aggregated
1401,1485,160,8,temporal_contact_aggregated
1401,1613,400,20,temporal_contact_aggregated
1401,1625,1100,55,temporal_contact_aggregated
1401,1629,680,34,temporal_contact_aggregated
1401,1658,140,7,temporal_contact_aggregated
1401,1660,380,19,temporal_contact_aggregated
1416,1485,100,5,temporal_contact_aggregated
1416,1613,580,29,temporal_contact_aggregated
1460,1485,140,7,temporal_contact_aggregated
1460,1658,60,3,temporal_contact_aggregated
1460,1784,180,9,temporal_contact_aggregated
1469,1485,220,11,temporal_contact_aggregated
1469,1658,40,2,temporal_contact_aggregated
1469,1660,100,5,temporal_contact_aggregated
1485,1547,100,5,temporal_contact_aggregated
1485,1613,5980,299,temporal_contact_aggregated
1485,1625,20,1,temporal_contact_aggregated
1485,1702,180,9,temporal_contact_aggregated
1485,1784,20,1,temporal_contact_aggregated
1525,1535,60,3,temporal_contact_aggregated
1525,1658,40,2,temporal_contact_aggregated
1535,1629,20,1,temporal_contact_aggregated
1535,1658,80,4,temporal_contact_aggregated
1547,1629,560,28,temporal_contact_aggregated
1547,1658,40,2,temporal_contact_aggregated
1613,1625,360,18,temporal_contact_aggregated
1613,1701,100,5,temporal_contact_aggregated
1613,1702,20,1,temporal_contact_aggregated
1625,1658,240,12,temporal_contact_aggregated
1625,1702,500,25,temporal_contact_aggregated
1629,1658,220,11,temporal_contact_aggregated
1629,1660,240,12,temporal_contact_aggregated
1629,1671,20,1,temporal_contact_aggregated
1629,1702,660,33,temporal_contact_aggregated
1658,1701,100,5,temporal_contact_aggregated
1658,1702,60,3,temporal_contact_aggregated
1658,1769,60,3,temporal_contact_aggregated
1658,1784,60,3,temporal_contact_aggregated
1660,1702,60,3,temporal_contact_aggregated
1660,1769,20,1,temporal_contact_aggregated
1660,1784,180,9,temporal_contact_aggregated
